{
  "summary": {
    "total_samples": 100,
    "successful_predictions": 95,
    "failed_predictions": 5,
    "accuracy": 0.5473684210526316,
    "f1_macro": 0.4080204427215296,
    "f1_weighted": 0.5589855516972222
  },
  "per_class_performance": {
    "咨询（含查询）业务规定": {
      "precision": 0.38461538461538464,
      "recall": 0.45454545454545453,
      "f1_score": 0.4166666666666667,
      "support": 11
    },
    "办理取消": {
      "precision": 0.6923076923076923,
      "recall": 0.9,
      "f1_score": 0.782608695652174,
      "support": 10
    },
    "咨询（含查询）业务资费": {
      "precision": 0.9285714285714286,
      "recall": 0.7222222222222222,
      "f1_score": 0.8125,
      "support": 18
    },
    "咨询（含查询）营销活动信息": {
      "precision": 0.875,
      "recall": 0.4666666666666667,
      "f1_score": 0.6086956521739131,
      "support": 15
    },
    "咨询（含查询）办理方式": {
      "precision": 0.2,
      "recall": 0.6666666666666666,
      "f1_score": 0.3076923076923077,
      "support": 3
    },
    "投诉（含抱怨）业务使用问题": {
      "precision": 0.42857142857142855,
      "recall": 0.5,
      "f1_score": 0.46153846153846156,
      "support": 6
    },
    "咨询（含查询）账户信息": {
      "precision": 0.2,
      "recall": 0.16666666666666666,
      "f1_score": 0.18181818181818182,
      "support": 6
    },
    "办理开通": {
      "precision": 0.8,
      "recall": 1.0,
      "f1_score": 0.8888888888888888,
      "support": 4
    },
    "咨询（含查询）业务订购信息查询": {
      "precision": 0.5,
      "recall": 0.5,
      "f1_score": 0.5,
      "support": 4
    },
    "投诉（含抱怨）不知情定制问题": {
      "precision": 0.25,
      "recall": 0.5,
      "f1_score": 0.3333333333333333,
      "support": 2
    },
    "咨询（含查询）产品/业务功能": {
      "precision": 0.0,
      "recall": 0.0,
      "f1_score": 0.0,
      "support": 2
    },
    "咨询（含查询）用户资料": {
      "precision": 1.0,
      "recall": 0.6666666666666666,
      "f1_score": 0.8,
      "support": 3
    },
    "投诉（含抱怨）费用问题": {
      "precision": 0.5,
      "recall": 0.3333333333333333,
      "f1_score": 0.4,
      "support": 3
    },
    "投诉（含抱怨）业务办理问题": {
      "precision": 0.0,
      "recall": 0.0,
      "f1_score": 0.0,
      "support": 0
    },
    "投诉（含抱怨）服务问题": {
      "precision": 0.0,
      "recall": 0.0,
      "f1_score": 0.0,
      "support": 2
    },
    "办理变更": {
      "precision": 1.0,
      "recall": 0.5,
      "f1_score": 0.6666666666666666,
      "support": 2
    },
    "投诉（含抱怨）业务规定不满": {
      "precision": 0.0,
      "recall": 0.0,
      "f1_score": 0.0,
      "support": 1
    },
    "投诉（含抱怨）营销问题": {
      "precision": 0.0,
      "recall": 0.0,
      "f1_score": 0.0,
      "support": 1
    },
    "投诉（含抱怨）网络问题": {
      "precision": 0.0,
      "recall": 0.0,
      "f1_score": 0.0,
      "support": 1
    },
    "办理停复机": {
      "precision": 1.0,
      "recall": 1.0,
      "f1_score": 1.0,
      "support": 1
    },
    "macro avg": {
      "precision": 0.4379532967032967,
      "recall": 0.4188383838383839,
      "f1_score": 0.4080204427215296,
      "support": 95
    },
    "weighted avg": {
      "precision": 0.616469057258531,
      "recall": 0.5473684210526316,
      "f1_score": 0.5589855516972222,
      "support": 95
    }
  },
  "error_analysis": {
    "most_confused_pairs": [
      {
        "true_intent": "咨询（含查询）账户信息",
        "predicted_intent": "咨询（含查询）业务规定",
        "count": 3
      },
      {
        "true_intent": "咨询（含查询）业务规定",
        "predicted_intent": "咨询（含查询）办理方式",
        "count": 3
      },
      {
        "true_intent": "投诉（含抱怨）业务使用问题",
        "predicted_intent": "咨询（含查询）办理方式",
        "count": 2
      },
      {
        "true_intent": "投诉（含抱怨）费用问题",
        "predicted_intent": "咨询（含查询）账户信息",
        "count": 2
      },
      {
        "true_intent": "咨询（含查询）业务资费",
        "predicted_intent": "咨询（含查询）业务规定",
        "count": 2
      },
      {
        "true_intent": "咨询（含查询）营销活动信息",
        "predicted_intent": "咨询（含查询）业务订购信息查询",
        "count": 2
      },
      {
        "true_intent": "咨询（含查询）营销活动信息",
        "predicted_intent": "咨询（含查询）业务规定",
        "count": 2
      },
      {
        "true_intent": "咨询（含查询）营销活动信息",
        "predicted_intent": "咨询（含查询）办理方式",
        "count": 2
      },
      {
        "true_intent": "咨询（含查询）业务规定",
        "predicted_intent": "咨询（含查询）产品/业务功能",
        "count": 2
      },
      {
        "true_intent": "咨询（含查询）业务资费",
        "predicted_intent": "投诉（含抱怨）业务规定不满",
        "count": 1
      }
    ],
    "class_with_most_errors": {
      "intent_id": 3,
      "intent_name": "咨询（含查询）营销活动信息",
      "error_count": 8
    },
    "class_with_least_errors": {
      "intent_id": 11,
      "intent_name": "咨询（含查询）用户资料",
      "error_count": 1
    },
    "total_errors": 43,
    "error_rate": 0.45263157894736844,
    "classes_with_errors": 17,
    "error_distribution": {
      "咨询（含查询）营销活动信息": 8,
      "咨询（含查询）业务规定": 6,
      "咨询（含查询）业务资费": 5,
      "咨询（含查询）账户信息": 5,
      "投诉（含抱怨）业务使用问题": 3,
      "咨询（含查询）业务订购信息查询": 2,
      "咨询（含查询）产品/业务功能": 2,
      "投诉（含抱怨）费用问题": 2,
      "投诉（含抱怨）服务问题": 2,
      "咨询（含查询）用户资料": 1,
      "投诉（含抱怨）营销问题": 1,
      "投诉（含抱怨）业务规定不满": 1,
      "投诉（含抱怨）网络问题": 1,
      "投诉（含抱怨）不知情定制问题": 1,
      "办理变更": 1,
      "办理取消": 1,
      "咨询（含查询）办理方式": 1
    }
  }
}