{
  "summary": {
    "total_samples": 4000,
    "successful_predictions": 3848,
    "failed_predictions": 152,
    "accuracy": 0.6185031185031185,
    "f1_macro": 0.402648667613161,
    "f1_weighted": 0.6128184377352539
  },
  "per_class_performance": {
    "咨询（含查询）业务规定": {
      "precision": 0.5472263868065967,
      "recall": 0.5925324675324676,
      "f1_score": 0.568978955572876,
      "support": 616
    },
    "办理取消": {
      "precision": 0.7564575645756457,
      "recall": 0.793036750483559,
      "f1_score": 0.7743153918791312,
      "support": 517
    },
    "咨询（含查询）业务资费": {
      "precision": 0.6181384248210023,
      "recall": 0.6196172248803827,
      "f1_score": 0.6188769414575866,
      "support": 418
    },
    "咨询（含查询）营销活动信息": {
      "precision": 0.5941558441558441,
      "recall": 0.6203389830508474,
      "f1_score": 0.6069651741293532,
      "support": 295
    },
    "咨询（含查询）办理方式": {
      "precision": 0.5086505190311419,
      "recall": 0.57421875,
      "f1_score": 0.5394495412844037,
      "support": 256
    },
    "投诉（含抱怨）业务使用问题": {
      "precision": 0.800711743772242,
      "recall": 0.7950530035335689,
      "f1_score": 0.7978723404255319,
      "support": 283
    },
    "咨询（含查询）账户信息": {
      "precision": 0.5833333333333334,
      "recall": 0.5570934256055363,
      "f1_score": 0.5699115044247788,
      "support": 289
    },
    "办理开通": {
      "precision": 0.722972972972973,
      "recall": 0.8492063492063492,
      "f1_score": 0.781021897810219,
      "support": 252
    },
    "咨询（含查询）业务订购信息查询": {
      "precision": 0.5723684210526315,
      "recall": 0.5117647058823529,
      "f1_score": 0.5403726708074534,
      "support": 170
    },
    "投诉（含抱怨）不知情定制问题": {
      "precision": 0.48120300751879697,
      "recall": 0.5818181818181818,
      "f1_score": 0.5267489711934157,
      "support": 110
    },
    "咨询（含查询）产品/业务功能": {
      "precision": 0.5308641975308642,
      "recall": 0.3467741935483871,
      "f1_score": 0.4195121951219512,
      "support": 124
    },
    "咨询（含查询）用户资料": {
      "precision": 0.704225352112676,
      "recall": 0.5882352941176471,
      "f1_score": 0.6410256410256411,
      "support": 85
    },
    "投诉（含抱怨）费用问题": {
      "precision": 0.6166666666666667,
      "recall": 0.42045454545454547,
      "f1_score": 0.5,
      "support": 88
    },
    "投诉（含抱怨）业务办理问题": {
      "precision": 0.4418604651162791,
      "recall": 0.27941176470588236,
      "f1_score": 0.34234234234234234,
      "support": 68
    },
    "投诉（含抱怨）服务问题": {
      "precision": 0.46296296296296297,
      "recall": 0.423728813559322,
      "f1_score": 0.4424778761061947,
      "support": 59
    },
    "办理变更": {
      "precision": 0.6,
      "recall": 0.5625,
      "f1_score": 0.5806451612903226,
      "support": 48
    },
    "咨询（含查询）服务渠道信息": {
      "precision": 0.45454545454545453,
      "recall": 0.6060606060606061,
      "f1_score": 0.5194805194805194,
      "support": 33
    },
    "投诉（含抱怨）业务规定不满": {
      "precision": 0.2857142857142857,
      "recall": 0.12903225806451613,
      "f1_score": 0.17777777777777778,
      "support": 31
    },
    "投诉（含抱怨）营销问题": {
      "precision": 0.2631578947368421,
      "recall": 0.19230769230769232,
      "f1_score": 0.2222222222222222,
      "support": 26
    },
    "投诉（含抱怨）网络问题": {
      "precision": 0.875,
      "recall": 0.3888888888888889,
      "f1_score": 0.5384615384615384,
      "support": 18
    },
    "办理停复机": {
      "precision": 0.8,
      "recall": 0.8888888888888888,
      "f1_score": 0.8421052631578947,
      "support": 18
    },
    "投诉（含抱怨）信息安全问题": {
      "precision": 0.7,
      "recall": 0.7777777777777778,
      "f1_score": 0.7368421052631579,
      "support": 9
    },
    "办理重置/修改/补发": {
      "precision": 1.0,
      "recall": 0.5,
      "f1_score": 0.6666666666666666,
      "support": 8
    },
    "咨询（含查询）使用方式": {
      "precision": 0.0,
      "recall": 0.0,
      "f1_score": 0.0,
      "support": 11
    },
    "咨询（含查询）号码状态": {
      "precision": 0.0,
      "recall": 0.0,
      "f1_score": 0.0,
      "support": 4
    },
    "咨询（含查询）工单处理结果": {
      "precision": 0.0,
      "recall": 0.0,
      "f1_score": 0.0,
      "support": 0
    },
    "办理打印/邮寄": {
      "precision": 0.0,
      "recall": 0.0,
      "f1_score": 0.0,
      "support": 3
    },
    "咨询（含查询）宽带覆盖范围": {
      "precision": 0.5,
      "recall": 0.25,
      "f1_score": 0.3333333333333333,
      "support": 4
    },
    "办理移机/装机/拆机": {
      "precision": 0.0,
      "recall": 0.0,
      "f1_score": 0.0,
      "support": 1
    },
    "办理缴费": {
      "precision": 0.0,
      "recall": 0.0,
      "f1_score": 0.0,
      "support": 0
    },
    "办理下载/设置": {
      "precision": 0.0,
      "recall": 0.0,
      "f1_score": 0.0,
      "support": 1
    },
    "办理补换卡": {
      "precision": 0.0,
      "recall": 0.0,
      "f1_score": 0.0,
      "support": 1
    },
    "办理销户/重开": {
      "precision": 0.0,
      "recall": 0.0,
      "f1_score": 0.0,
      "support": 2
    },
    "macro avg": {
      "precision": 0.4369762271947345,
      "recall": 0.38935577470810306,
      "f1_score": 0.402648667613161,
      "support": 3848
    },
    "weighted avg": {
      "precision": 0.6140657091218227,
      "recall": 0.6185031185031185,
      "f1_score": 0.6128184377352539,
      "support": 3848
    }
  },
  "error_analysis": {
    "most_confused_pairs": [
      {
        "true_intent": "办理取消",
        "predicted_intent": "咨询（含查询）业务规定",
        "count": 49
      },
      {
        "true_intent": "咨询（含查询）业务资费",
        "predicted_intent": "咨询（含查询）业务规定",
        "count": 48
      },
      {
        "true_intent": "咨询（含查询）业务规定",
        "predicted_intent": "咨询（含查询）业务资费",
        "count": 47
      },
      {
        "true_intent": "咨询（含查询）营销活动信息",
        "predicted_intent": "咨询（含查询）业务规定",
        "count": 38
      },
      {
        "true_intent": "咨询（含查询）业务规定",
        "predicted_intent": "办理取消",
        "count": 38
      },
      {
        "true_intent": "咨询（含查询）业务规定",
        "predicted_intent": "咨询（含查询）办理方式",
        "count": 36
      },
      {
        "true_intent": "咨询（含查询）办理方式",
        "predicted_intent": "咨询（含查询）业务规定",
        "count": 36
      },
      {
        "true_intent": "咨询（含查询）账户信息",
        "predicted_intent": "咨询（含查询）业务资费",
        "count": 35
      },
      {
        "true_intent": "咨询（含查询）业务规定",
        "predicted_intent": "咨询（含查询）营销活动信息",
        "count": 31
      },
      {
        "true_intent": "咨询（含查询）业务规定",
        "predicted_intent": "咨询（含查询）账户信息",
        "count": 28
      }
    ],
    "class_with_most_errors": null,
    "class_with_least_errors": null
  }
}