{
  "summary": {
    "total_samples": 4000,
    "successful_predictions": 3986,
    "failed_predictions": 14,
    "accuracy": 0.6121424987456097,
    "f1_macro": 0.4721705784010913,
    "f1_weighted": 0.6057068612902314
  },
  "per_class_performance": {
    "咨询（含查询）业务规定": {
      "precision": 0.5625,
      "recall": 0.5616,
      "f1_score": 0.5620496397117695,
      "support": 625
    },
    "办理取消": {
      "precision": 0.7398230088495575,
      "recall": 0.8007662835249042,
      "f1_score": 0.7690892364305428,
      "support": 522
    },
    "咨询（含查询）业务资费": {
      "precision": 0.6418269230769231,
      "recall": 0.6312056737588653,
      "f1_score": 0.636471990464839,
      "support": 423
    },
    "咨询（含查询）营销活动信息": {
      "precision": 0.556786703601108,
      "recall": 0.6611842105263158,
      "f1_score": 0.6045112781954888,
      "support": 304
    },
    "咨询（含查询）办理方式": {
      "precision": 0.5658914728682171,
      "recall": 0.4965986394557823,
      "f1_score": 0.5289855072463768,
      "support": 294
    },
    "投诉（含抱怨）业务使用问题": {
      "precision": 0.7671232876712328,
      "recall": 0.7671232876712328,
      "f1_score": 0.7671232876712328,
      "support": 292
    },
    "咨询（含查询）账户信息": {
      "precision": 0.5886792452830188,
      "recall": 0.5182724252491694,
      "f1_score": 0.5512367491166078,
      "support": 301
    },
    "办理开通": {
      "precision": 0.711038961038961,
      "recall": 0.8622047244094488,
      "f1_score": 0.7793594306049823,
      "support": 254
    },
    "咨询（含查询）业务订购信息查询": {
      "precision": 0.5683453237410072,
      "recall": 0.45930232558139533,
      "f1_score": 0.5080385852090032,
      "support": 172
    },
    "投诉（含抱怨）不知情定制问题": {
      "precision": 0.47530864197530864,
      "recall": 0.6754385964912281,
      "f1_score": 0.5579710144927537,
      "support": 114
    },
    "咨询（含查询）产品/业务功能": {
      "precision": 0.4148936170212766,
      "recall": 0.3170731707317073,
      "f1_score": 0.35944700460829493,
      "support": 123
    },
    "咨询（含查询）用户资料": {
      "precision": 0.6551724137931034,
      "recall": 0.6333333333333333,
      "f1_score": 0.6440677966101694,
      "support": 90
    },
    "投诉（含抱怨）费用问题": {
      "precision": 0.5822784810126582,
      "recall": 0.48936170212765956,
      "f1_score": 0.5317919075144508,
      "support": 94
    },
    "投诉（含抱怨）业务办理问题": {
      "precision": 0.40298507462686567,
      "recall": 0.35064935064935066,
      "f1_score": 0.375,
      "support": 77
    },
    "投诉（含抱怨）服务问题": {
      "precision": 0.56,
      "recall": 0.4117647058823529,
      "f1_score": 0.4745762711864407,
      "support": 68
    },
    "办理变更": {
      "precision": 0.42105263157894735,
      "recall": 0.6666666666666666,
      "f1_score": 0.5161290322580645,
      "support": 48
    },
    "咨询（含查询）服务渠道信息": {
      "precision": 0.5862068965517241,
      "recall": 0.4722222222222222,
      "f1_score": 0.5230769230769231,
      "support": 36
    },
    "投诉（含抱怨）业务规定不满": {
      "precision": 0.2727272727272727,
      "recall": 0.10344827586206896,
      "f1_score": 0.15,
      "support": 29
    },
    "投诉（含抱怨）营销问题": {
      "precision": 0.29411764705882354,
      "recall": 0.19230769230769232,
      "f1_score": 0.23255813953488372,
      "support": 26
    },
    "投诉（含抱怨）网络问题": {
      "precision": 0.5263157894736842,
      "recall": 0.5263157894736842,
      "f1_score": 0.5263157894736842,
      "support": 19
    },
    "办理停复机": {
      "precision": 0.85,
      "recall": 0.8947368421052632,
      "f1_score": 0.8717948717948718,
      "support": 19
    },
    "投诉（含抱怨）信息安全问题": {
      "precision": 0.42857142857142855,
      "recall": 0.5454545454545454,
      "f1_score": 0.48,
      "support": 11
    },
    "办理重置/修改/补发": {
      "precision": 0.7142857142857143,
      "recall": 0.625,
      "f1_score": 0.6666666666666666,
      "support": 8
    },
    "咨询（含查询）使用方式": {
      "precision": 0.0,
      "recall": 0.0,
      "f1_score": 0.0,
      "support": 11
    },
    "咨询（含查询）号码状态": {
      "precision": 0.8,
      "recall": 0.4444444444444444,
      "f1_score": 0.5714285714285714,
      "support": 9
    },
    "咨询（含查询）工单处理结果": {
      "precision": 0.0,
      "recall": 0.0,
      "f1_score": 0.0,
      "support": 3
    },
    "办理打印/邮寄": {
      "precision": 0.0,
      "recall": 0.0,
      "f1_score": 0.0,
      "support": 3
    },
    "咨询（含查询）宽带覆盖范围": {
      "precision": 0.5714285714285714,
      "recall": 1.0,
      "f1_score": 0.7272727272727273,
      "support": 4
    },
    "办理移机/装机/拆机": {
      "precision": 0.0,
      "recall": 0.0,
      "f1_score": 0.0,
      "support": 1
    },
    "办理缴费": {
      "precision": 0.5,
      "recall": 1.0,
      "f1_score": 0.6666666666666666,
      "support": 1
    },
    "办理下载/设置": {
      "precision": 0.0,
      "recall": 0.0,
      "f1_score": 0.0,
      "support": 1
    },
    "办理补换卡": {
      "precision": 1.0,
      "recall": 1.0,
      "f1_score": 1.0,
      "support": 1
    },
    "办理销户/重开": {
      "precision": 0.0,
      "recall": 0.0,
      "f1_score": 0.0,
      "support": 3
    },
    "macro avg": {
      "precision": 0.47749573049198196,
      "recall": 0.48807499720997977,
      "f1_score": 0.4721705784010913,
      "support": 3986
    },
    "weighted avg": {
      "precision": 0.6063449447909522,
      "recall": 0.6121424987456097,
      "f1_score": 0.6057068612902314,
      "support": 3986
    }
  },
  "error_analysis": {
    "most_confused_pairs": [
      {
        "true_intent": "咨询（含查询）业务资费",
        "predicted_intent": "咨询（含查询）业务规定",
        "count": 46
      },
      {
        "true_intent": "咨询（含查询）业务规定",
        "predicted_intent": "咨询（含查询）营销活动信息",
        "count": 43
      },
      {
        "true_intent": "咨询（含查询）业务规定",
        "predicted_intent": "办理取消",
        "count": 42
      },
      {
        "true_intent": "办理取消",
        "predicted_intent": "咨询（含查询）业务规定",
        "count": 38
      },
      {
        "true_intent": "咨询（含查询）办理方式",
        "predicted_intent": "咨询（含查询）业务规定",
        "count": 37
      },
      {
        "true_intent": "咨询（含查询）业务规定",
        "predicted_intent": "咨询（含查询）业务资费",
        "count": 36
      },
      {
        "true_intent": "咨询（含查询）业务规定",
        "predicted_intent": "咨询（含查询）办理方式",
        "count": 35
      },
      {
        "true_intent": "咨询（含查询）账户信息",
        "predicted_intent": "咨询（含查询）业务资费",
        "count": 31
      },
      {
        "true_intent": "咨询（含查询）营销活动信息",
        "predicted_intent": "咨询（含查询）业务规定",
        "count": 30
      },
      {
        "true_intent": "咨询（含查询）账户信息",
        "predicted_intent": "咨询（含查询）业务规定",
        "count": 29
      }
    ],
    "class_with_most_errors": {
      "intent_id": 0,
      "intent_name": "咨询（含查询）业务规定",
      "error_count": 274
    },
    "class_with_least_errors": {
      "intent_id": 28,
      "intent_name": "办理移机/装机/拆机",
      "error_count": 1
    },
    "total_errors": 1546,
    "error_rate": 0.3878575012543904,
    "classes_with_errors": 30,
    "error_distribution": {
      "咨询（含查询）业务规定": 274,
      "咨询（含查询）业务资费": 156,
      "咨询（含查询）办理方式": 148,
      "咨询（含查询）账户信息": 145,
      "办理取消": 104,
      "咨询（含查询）营销活动信息": 103,
      "咨询（含查询）业务订购信息查询": 93,
      "咨询（含查询）产品/业务功能": 84,
      "投诉（含抱怨）业务使用问题": 68,
      "投诉（含抱怨）业务办理问题": 50,
      "投诉（含抱怨）费用问题": 48,
      "投诉（含抱怨）服务问题": 40,
      "投诉（含抱怨）不知情定制问题": 37,
      "办理开通": 35,
      "咨询（含查询）用户资料": 33,
      "投诉（含抱怨）业务规定不满": 26,
      "投诉（含抱怨）营销问题": 21,
      "咨询（含查询）服务渠道信息": 19,
      "办理变更": 16,
      "咨询（含查询）使用方式": 11,
      "投诉（含抱怨）网络问题": 9,
      "投诉（含抱怨）信息安全问题": 5,
      "咨询（含查询）号码状态": 5,
      "办理重置/修改/补发": 3,
      "办理打印/邮寄": 3,
      "咨询（含查询）工单处理结果": 3,
      "办理销户/重开": 3,
      "办理停复机": 2,
      "办理移机/装机/拆机": 1,
      "办理下载/设置": 1
    }
  }
}